ClientSource,Rumor_Count
iPhone客户端,891
微博 weibo.com,886
Android客户端,373
null,214
皮皮时光机,170
iPhone 6,167
iPhone 5s,151
360安全浏览器,137
iPhone 6 Plus,137
陌陌,111
iPad客户端,96
专业版微博,66
微博桌面,61
三星Galaxy Note II,53
新浪博客,39
OPPO智能手机,38
vivo智能手机,36
小米手机3,35
小米手机2S,34
三星Galaxy NOTE III,32
Weico.iPhone,31
搜狗高速浏览器,27
小米手机4,26
小米手机,22
红米手机,20
UC浏览器安卓,19
三星GALAXY S4,19
vivo智能手机客户端,17
三星Galaxy SIII,16
三星android智能手机,16
分享按钮,15
荣耀畅玩4X·快科技,14
荣耀6,13
手机微博触屏版,12
魅蓝 note,12
酷派大神,11
小鸟定时,11
享拍微博通,11
WeicoPro,10
360安全平台,10
脉搏网,10
华为Ascend P7,9
FaWave,9
三星 GALAXY S5,9
OPPO Find 7,9
荣耀3C,9
华为Ascend手机,8
红米Note 4G,8
iPad mini,8
微博手机版,7
红围脖iPhone客户端,7
金立智能手机,7
红米Note,7
UC浏览器客户,7
小米手机2,7
中国移动-三星GalaxyNote3,7
新浪微博4G版,7
Weico.Android,7
华为Ascend P6,6
UC浏览器Android版,6
百度分享,6
时光机,6
华为Ascend Mate7,6
小米Note,6
搜狐新闻客户端,6
UC浏览器,5
中国移动-三星NoteⅡ,5
华为麦芒B199,5
Weico微可拍,5
Flyme OS,5
中华网,5
红米4G,5
小米手机2A,5
vivo X5·K歌之王,5
OPPO R1,5
手机百度客户端,5
红米2,5
手机QQ浏览器iPhone版,5
OPPO Find 5,5
bShare分享,5
iOS,5
小米手机1S,5
vivo_X5Max,5
三星GALAXY A,5
weiboat.com,5
手机QQ浏览器,5
美图秀秀Android版,4
HTC Phone,4
Windows.Phone客户端,4
LOFTER,4
微博搜索,4
酷派手机,4
索尼Xperia Z L36h,4
魅族 MX4,4
联想智能手机客户端,4
JiaThis分享按钮,4
粉丝工具箱,4
傲游云浏览器,4
vivo Xplay3S,4
Mooker新闻画报,3
中国移动定制终端,3
三星GalaxyNote,3
联想乐Phone,3
HTC新渴望8系,3
OPPO R3,3
索尼Xperia Z1,3
百度贴吧,3
Lumia 638 GDR1,3
啪啪,3
VDong社交管理,3
UC浏览器iPhone版,3
百度浏览器,3
喧客,3
魅族 MX4 Pro,3
vivo X3,3
纤薄王者X5Max,3
华为麦芒3,3
360安全浏览器手机版,3
HTC,3
孔明社交管理,3
美图M2,3
今日头条,3
华为Ascend Mate2,3
ZAKER新闻杂志,3
魅族 MX3,3
糗事百科官网,3
华为P8,3
开心网,2
美图秀秀iPhone版,2
图钉,2
Android平板客户端,2
三星GALAXY Note 4,2
iPhone凯德隆,2
多说评论框,2
S60客户端,2
投资界,2
华为麦芒A199,2
vivo X5Pro,2
vivo Xshot,2
三星GALAXY S4 zoom,2
荣耀3X畅玩版,2
友盟社会化组件,2
Fuubo,2
联想乐檬  K3,2
贴吧客户端,2
荣耀6 Plus,2
联想S850·爱美丽,2
随享.iPhone,2
OPPO N1 mini,2
OPPO R1C,2
联想黄金斗士A8,2
Qing,2
OPPO N1,2
微博桌面安全版,2
MOTO锋芒XT928,2
iPhone 6s,2
魅族 MX5,2
Xperia arc S LT18i,2
iPhone 6s Plus,2
泡微博,2
大神手机,2
YunOS,2
MOTO戴妃三防智能手机,2
索尼Xperia P LT22i,2
MEIZU MX2,2
网易新闻客户端,2
TECH2IPO创见,2
华为 Ascend Mate,2
魅蓝手机,2
Smartisan T1,2
网易跟贴,2
微格iPhone客户端,2
美图手机2,2
中国移动三星galaxyS3,2
手机新浪网,2
生性锋狂 OPPO R5,2
三星GalaxyTab,2
精彩微客,1
51.com空间,1
番禺汇,1
三星GalaxyCamera,1
诺基亚Lumia820,1
魅蓝 note2,1
三星Galaxy_SII,1
天语云智能手机大黄蜂,1
HTC灵感XL.urBeats,1
Lumia 525,1
索尼Xperia U ST25i,1
找节操,1
HTC 新渴望VT,1
TOOKY京崎手机,1
电商报,1
索尼Z3,1
OPPO Ulike2,1
荣耀手机,1
poco美人相机,1
手机搜狐,1
若邻网,1
微公益,1
好保姆,1
百思不得姐社区,1
移动版微店,1
电脑报官网,1
中国电商行业网,1
微博社区管理中心,1
定时showone,1
Wind资讯,1
香港新浪微博主頁,1
Acer平板电脑,1
揭露地球APP上线,1
WeiLark,1
HTC 新渴望VC,1
诺基亚5233,1
联想S850t·爱美丽,1
nubia Z5S mini,1
Aodroid,1
微博头条Android,1
推爱,1
联想乐Phone_P700i,1
三星W2014,1
LG G3,1
三星 GALAXY K zoom,1
美图手机,1
dazen 大神手机 F2,1
OPPO R7 Plus,1
华硕ZenFone智能手机,1
联想平板电脑A7-30TC,1
社会百态,1
nubia Z7 Max,1
墨读者网,1
定时微,1
孩子回家应用,1
摩托罗拉智能手机,1
中兴V5手机,1
衡水一诺社区,1
OPPO_N1mini,1
腾讯视频安卓客户端,1
華韻國學教育網,1
爱物网,1
联想VIBE X·万有引力,1
万人迷OPPO R7,1
微博秀,1
vlook微录客,1
四次元,1
微博AIR,1
凤凰网,1
Dell平板电脑,1
178_游戏网,1
MOTO锋芒智能手机,1
四核终结者_联想K860i,1
老泉州微博,1
遛遛宠物,1
91手机娱乐,1
江苏网络电视台,1
我查查,1
驴妈妈旅游网,1
简网,1
小米Note 顶配版,1
荣耀X2,1
美团分享,1
藏宝箱,1
ZTE中兴Grand,1
UC浏览器电脑版,1
政府版微博,1
新浪视频,1
HTC One SC,1
nubia Z7 mini,1
三星投影手机_I8530,1
企业微商宝,1
海西晨报太阳网,1
uniweibo,1
小影,1
微格iPad客户端,1
三星平板客户端,1
金立手机,1
HTC灵感XE.urBeats,1
长江网,1
广州本土网,1
联想S930·移动影院,1
app梦工厂微博,1
小荷花,1
新浪邮箱,1
玖零图社区,1
酷派大观4,1
新浪新闻评论,1
襄阳知道app,1
LOFTER客户端,1
宝宝日历,1
ChinaVenture投资中国,1
粉丝大本营,1
HTC Desire 820,1
天生会转 OPPO N3,1
剪客..一起分享好内容,1
洛阳微报,1
HTC One max,1
Lumia 830,1
百度,1
大黄蜂Kiss,1
荣耀3C畅玩版,1
WeicoiPad,1
红米2A,1
铁血军事,1
汕头房地产门户,1
HTC One (M8),1
口袋TFBOYS,1
扬成社区,1
悄悄喜欢你,1
联想乐檬K3 Note,1
米娜时尚网,1
天翼3G互联网手机,1
vivo Xplay,1
IT之家,1
糗事百科iPhone应用,1
乐活南昌网,1
随意发,1
YiBo微博客户端,1
联想VIBE Z•天龙八部,1
光明网,1
社会化登录平台,1
联想乐Phone_S890,1
搜狗输入法,1
即刻社交,1
江西网络广播电视台,1
索尼Xperia Z2,1
酷派 K1,1
bshare,1
新闻资讯App,1
魅族手机,1
猫扑,1
七彩鲜花,1
一加手机 不将就,1
21CN新闻,1
中国电信爱音乐,1
秒拍网页版,1
ZTE中兴智能手机,1
百思不得姐,1
腾讯新闻客户端,1
荣耀畅玩4,1
移动微博同步应用,1
神码都是浮云,1
没品图,1
